{
  "css/style.css": 1618303805737,
  "manifest.json": 1618304648669,
  "model/models.js": 1618303805741,
  "controller/View1.controller.js": 1618303805737,
  "Component.js": 1618303805737,
  "manifest-bundle.zip": 1618304648198,
  "Component-preload.js": 1618304648628,
  "controller/View1-dbg.controller.js": 1618303805737,
  "model/models-dbg.js": 1618303805741,
  "Component-dbg.js": 1618303805737,
  "resources.json": 1618304648672,
  "view/View1.view.xml": 1618303805741,
  "i18n/i18n.properties": 1618303805737,
  "index.html": 1618303805737
}